
CREATE DATABASE IF NOT EXISTS dannys_diner;
USE dannys_diner;

CREATE TABLE IF NOT EXISTS sales (
customer_id VARCHAR(1),
order_date DATE,
product_id INT
);

INSERT INTO sales
VALUES
  ('A', '2021-01-01', '1'),
  ('A', '2021-01-01', '2'),
  ('A', '2021-01-07', '2'),
  ('A', '2021-01-10', '3'),
  ('A', '2021-01-11', '3'),
  ('A', '2021-01-11', '3'),
  ('A', '2021-01-16', '1'),
  ('A', '2021-01-17', '2'),
  ('A', '2021-01-18', '1'),
  ('A', '2021-01-19', '3'),
  ('A', '2021-01-20', '2'),
  ('A', '2021-01-22', '3'),
  ('A', '2021-01-24', '2'),
  ('B', '2021-01-01', '2'),
  ('B', '2021-01-02', '2'),
  ('B', '2021-01-04', '1'),
  ('B', '2021-01-11', '1'),
  ('B', '2021-01-16', '3'),
  ('B', '2021-01-16', '1'),
  ('B', '2021-01-17', '2'),
  ('B', '2021-01-18', '1'),
  ('B', '2021-01-19', '3'),
  ('B', '2021-01-19', '2'),
  ('B', '2021-01-20', '3'),
  ('B', '2021-01-24', '2'),
  ('B', '2021-02-01', '3'),
  ('C', '2021-01-01', '3'),
  ('C', '2021-01-01', '2'),
  ('C', '2021-01-07', '3'),
  ('C', '2021-01-10', '2'),
  ('C', '2021-01-11', '1'),
  ('C', '2021-01-12', '3'),
  ('C', '2021-01-16', '2'),
  ('C', '2021-01-17', '3'),
  ('C', '2021-01-24', '2'),
  ('D', '2021-01-19', '2'),
  ('D', '2021-01-20', '2'),
  ('D', '2021-01-21', '3'),
  ('D', '2021-01-21', '2'),
  ('D', '2021-01-23', '3'),
  ('D', '2021-01-24', '2');
 

CREATE TABLE menu (
  product_id INT,
  product_name VARCHAR(5),
  price INT
);

INSERT INTO menu
VALUES
  ('1', 'sushi', '10'),
  ('2', 'curry', '15'),
  ('3', 'ramen', '12');
  

CREATE TABLE members (
  customer_id VARCHAR(1),
  join_date DATE
);

INSERT INTO members
VALUES
  ('A', '2021-01-07'),
  ('B', '2021-01-09'),
  ('C', '2021-01-12');